customer_id,name,email,phone
1,,glandry@example.net,001-521-887-3107
2,Brian Olson,cervantesjasmine@example.com,+1-376-531-2115x39129
3,Joseph Johnson,velazquezjonathan@example.com,+1-203-733-2171
4,William Ortiz,amythomas@example.net,+1-435-623-6439x3469
5,Christopher Butler,haleyrodriguez@example.net,731.426.5783
6,Christopher Kirk,brian27@example.com,316-885-6206x871
7,Jose Robinson,allenbecky@example.com,7923069781
8,Jennifer Nicholson,taylorcrystal@example.com,
9,Tiffany Butler,ljones@example.net,663-234-3690
10,Sara Wilson,douglaswilliams@example.net,
11,James Robinson,tlandry@example.net,5027593586
12,Brandon Cole,lauren75@example.com,322-437-8714x105
13,Jason Simmons,wharmon@example.com,(352)940-2718
14,Barbara Williams,lgarcia@example.com,001-815-955-1183
15,Jeremiah May,timothysilva@example.com,859-457-5460x43838
16,Lori Strickland,bad-email,001-952-859-3789
17,Janice Young,larry26@example.org,518.449.0385
18,Karen Smith,richard42@example.com,392-829-8000
19,Brenda Adams,gonzalezmatthew@example.com,+1-931-625-2129x437
20,Michael Medina,pvalentine@example.org,(853)557-0082x477
21,Dr. Cameron Wilson,christopher47@example.net,(624)731-0971
22,Erin Mendoza,luisday@example.org,983-990-8821x905
23,John Nelson,pparker@example.com,212-348-5490x0511
24,Jason Goodwin,wrightvickie@example.com,428.722.1656x1439
25,Joseph Miller,michaelclark@example.com,
26,Kelly Wilson,peggyrodriguez@example.com,001-982-362-9122x3054
27,,sarah54@example.net,+1-627-775-6367x25958
28,Courtney Fleming,aaronrandall@example.net,6253279479
29,Chelsea Johnson,andrewsjoseph@example.org,001-763-540-2368x1984
30,Karen Williams,brandonmason@example.com,001-406-318-3343x2538
31,Cathy Lee,richardsonchristopher@example.net,3853479232
32,Karen Wilson,shawyolanda@example.com,212-661-8180x8844
33,Debra Harris,penny75@example.org,(830)203-9050x726
34,Cameron Ward,hwilliams@example.com,588-368-4681x3263
35,Brian Watkins,katiejimenez@example.org,+1-835-998-3503x320
36,Samantha Estrada,schroederashley@example.com,892.851.0022x4854
37,William Rodriguez,russelljon@example.net,+1-900-507-1421x60384
38,Mr. John Baker,sethhernandez@example.net,(501)575-0748x29496
39,Tonya Martinez,eric72@example.net,(856)749-4128
40,Amy Jordan,mary48@example.net,+1-951-560-4796x43211
41,David Turner,griffinaaron@example.net,
42,Elizabeth Little,wthomas@example.net,7188284804
43,Mary Rivera,larry67@example.org,720.994.6402
44,Marco Moon,kingheather@example.net,001-425-646-1303
45,Catherine Allen,hamiltonwilliam@example.com,+1-543-978-6101
46,Bryce Lopez,carl53@example.com,591-421-8752x456
47,Judy Miller,latoya17@example.org,
48,Nicole Moore,kelly31@example.net,+1-770-901-3810x592
49,Shannon Paul,eatonaaron@example.com,001-554-430-4851x5441
50,Tara Curtis,cbyrd@example.com,2257681750
51,Karen Long,hardinphilip@example.net,+1-534-758-4522x40590
52,Marie Townsend,tmartin@example.net,5873644153
53,Joshua Rose,shane42@example.net,2316807846
54,Leroy Merritt,wpark@example.org,653-702-3525
55,Melissa Shepherd,karen54@example.org,850-869-9931
56,Bradley Marks,gregoryallen@example.net,666-208-4177
57,Jason Robertson,victoriascott@example.com,+1-955-222-7802x906
58,Gregory Rivers,deanna91@example.net,247-631-7711
59,Virginia Davis,mcconnellscott@example.com,
60,Joshua Kaiser,umclaughlin@example.org,788-593-9050x8818
61,Kyle Yang,marysantos@example.org,873-998-9052x480
62,Natalie Gonzalez,lowejustin@example.net,+1-882-953-4313x08561
63,Anne Jones,galexander@example.org,+1-751-377-7483x502
64,Victor Dixon,stanleycharles@example.net,831.777.7821x4273
65,Jennifer Vaughan,lnorman@example.com,(350)480-8456
66,Lauren Jackson,bad-email,+1-331-441-6778
67,David Johnson,pamelabriggs@example.org,001-938-298-3846x35707
68,Betty Charles,mmckenzie@example.org,(659)401-4206x765
69,Daniel Martinez,hernandezcarrie@example.com,001-802-773-1562x2385
70,Erica Dyer,mpham@example.com,+1-481-257-5399x67981
71,Mark Williams,fsmith@example.net,(762)407-7560x96104
72,Gerald Owens,jacquelinetaylor@example.com,540.579.5658x91902
73,Paula Burns,ifleming@example.net,7347678647
74,Morgan Thomas,lisa13@example.org,001-706-329-3138
75,Mario Buchanan,colleenmoore@example.net,347-559-3635
76,Jon Singh,robertsonseth@example.org,895.719.7691x861
77,Michael Avila,zparks@example.net,001-329-835-9007x89895
78,Jade Branch,baileyjon@example.com,001-904-418-7882
79,Aaron Evans,jennajones@example.org,
80,Kim Weber,sonyashepard@example.org,444-373-6132
81,Aaron Ballard,doughertyjesse@example.com,+1-488-803-4321
82,Eric Carey,mpugh@example.org,3273030340
83,Jerry Williams,khenson@example.net,6589059684
84,Steve Brown,cheryl65@example.com,687-924-0004x9134
85,Catherine Ponce,kristi77@example.org,498-891-1413x63245
86,Steven Patterson MD,ulester@example.com,
87,Diane Cardenas,harrisonraven@example.net,+1-374-688-7007x9600
88,Sara Leblanc,monique89@example.org,001-334-364-5324
89,Brian Arroyo,kenneth83@example.com,
90,Maria Lewis,bad-email,5854033200
91,Kristen Cuevas,pagetammy@example.org,635.832.0521
92,Juan Black,kathryn38@example.org,(443)223-7889
93,Edward Armstrong,robinburke@example.com,001-950-831-9351x589
94,Michael Sutton,sheilabrown@example.org,
95,Donna Ramirez,wmejia@example.net,+1-638-416-5328x4780
96,Brian Vaughn,caleb23@example.net,512.699.5879
97,Laurie Sanchez,jasonboyle@example.org,001-830-688-9382
98,Austin Gilbert,cassandra07@example.org,371.687.7922x037
99,Andrew Cook,lwright@example.org,392.606.4712x7875
100,Betty Moore,shermanjulie@example.com,928.502.5664x82327
101,Timothy Lewis,christopherstewart@example.org,001-493-947-5521x02650
102,Peter Vargas,nealjoseph@example.net,001-847-945-7516x78879
103,Donald Wong,vaughnsarah@example.com,
104,Karen Watkins,emily57@example.net,+1-752-785-9718x189
105,Kelly Holloway,shannon18@example.net,+1-619-287-3400x3207
106,Holly Manning,lutzmark@example.org,(415)751-4665x6546
107,Tonya Simmons,casey70@example.com,+1-520-776-6326x277
108,Christina Walsh,stephanie07@example.com,494.795.3322
109,Pamela Hicks,tyler31@example.net,813.546.1806
110,Candace Allen,davidwalker@example.com,467.742.7843
111,Cheryl Miller,summersrussell@example.com,001-657-271-0170x8367
112,Cole Black,davidpham@example.org,+1-835-434-1869
113,Jason Sanchez,tammybernard@example.net,001-728-205-1199x1498
114,Kendra Hahn,simmonsrobert@example.org,613.822.9180x420
115,Kenneth Stout,cmclean@example.com,795.785.4782
116,Gary Miller,njordan@example.org,
117,Kelly Ware,charles12@example.org,+1-886-529-5042x19755
118,Caitlin Valenzuela,kbates@example.com,
119,Erin Burch,thernandez@example.net,869.679.9734
120,Austin Cole,qwest@example.com,(307)691-7213x05099
121,Susan Kennedy,daisytucker@example.org,843-764-8513x957
122,Kenneth Mueller,emartin@example.org,+1-629-568-6670
123,Cameron Martinez,amberpadilla@example.net,001-632-651-7418x98929
124,John Johnson,tkaiser@example.com,631.316.7925x007
125,Brandon Burns,burkecynthia@example.org,375.790.2654x0375
126,David Hunter,bad-email,
127,Stacy Carson,sjones@example.com,6734524786
128,Thomas Reynolds,flevy@example.org,674-312-5107
129,Cameron Manning,garciajennifer@example.net,2782833890
130,John Johnson,courtneyfarmer@example.org,714-351-1558
131,Michelle Silva,castroemily@example.org,(606)674-0981
132,Ashlee Cox,bad-email,597.965.2584
133,Kim Caldwell,montgomerydouglas@example.org,001-268-796-7344
134,Willie Lopez,aguilarjocelyn@example.org,(968)563-8927
135,Johnny Woods,tdurham@example.org,001-406-905-6413x4660
136,Samantha Contreras,anthony79@example.com,+1-324-336-4856x088
137,Nancy Paul,patricia15@example.net,848.718.5477
138,Amanda Williamson,vasquezmatthew@example.net,+1-570-407-9854x413
139,Sabrina Richards,twilliams@example.org,
140,Kathleen Mcdonald,chadholland@example.net,(764)607-4005x805
141,Yolanda David,angelacarr@example.com,001-681-758-4412x0088
142,Mitchell Walker,hmcdonald@example.com,632-370-6860x5522
143,Michael Stokes,thomasjames@example.net,001-535-891-9197x2250
144,Carmen Harrington,ronald14@example.net,+1-587-854-5594
145,Nicole Williams,kaylalambert@example.com,4627257718
146,Jason Tran,abbottjohnny@example.org,
147,Jill Phillips,warnersarah@example.com,(699)249-0225
148,Pamela Steele,patricia27@example.org,+1-294-386-1052
149,Lisa Jacobs,russellkaren@example.net,771-581-6896
150,Jacob Johnson,tracygarcia@example.net,
151,Richard Wilson,griffinjames@example.net,+1-223-302-9512
152,Andrew Valdez,ruthbailey@example.com,001-963-354-0853x48158
153,Kelly Huynh,desiree05@example.org,(285)242-3465
154,Andrew Little,khorton@example.net,328-692-6011
155,Daniel Mooney,avance@example.net,(205)518-0545x4831
156,Lawrence Bishop,julie37@example.net,(499)438-6108x8249
157,Frederick Carlson,nicole79@example.org,(247)769-1419x514
158,,ashley88@example.com,541-549-9723x975
159,Darrell Vazquez,moorejohn@example.org,869-428-7793x380
160,Kimberly Watson,obowen@example.com,4637099564
161,Matthew Rosales,jasmine15@example.org,652.984.5252x7246
162,Stephanie Green,judith58@example.org,
163,Angela Hicks,charles94@example.com,(679)841-3132x7493
164,Elizabeth Moore,torresjennifer@example.net,
165,Shawn Fields,bradythomas@example.com,(418)826-0859
166,Rebecca Hayes,vwhite@example.com,853.951.6055
167,Christopher Hoover,cathy28@example.net,764.608.1153x37533
168,Donna Smith,sstephens@example.net,450-541-4793
169,Tim Merritt,newmandeanna@example.org,+1-211-975-4391
170,Andrew Brown,jodibradley@example.com,239-258-5496
171,Jennifer Alvarez,myersanna@example.com,(813)454-3676x4595
172,Karen Hernandez,michellealexander@example.org,2429253763
173,Michael Shaw,gbaird@example.net,001-388-525-8755x172
174,Dr. Gary Thomas PhD,laurie67@example.com,+1-293-347-1854x932
175,Jessica Wong,normawalker@example.net,+1-547-475-6776x28138
176,Mark Sawyer,jenniferpatterson@example.net,261-905-4000x1083
177,Anita Delgado,krista79@example.org,434-571-7208x601
178,Melissa Fox,qjones@example.net,+1-687-287-7293x8262
179,Tricia Olsen,michael15@example.net,+1-294-606-3783
180,Shannon Smith,bcunningham@example.net,001-762-550-4085
181,Jordan Herman,mosschristopher@example.org,7817242431
182,Christopher Jenkins,cynthia96@example.net,968-208-7248
183,Alicia Johnson,margaret01@example.com,5915144819
184,,daryl06@example.org,
185,Kyle Howard,larasharon@example.org,(851)264-0067
186,Jo Bishop,fmendoza@example.net,(817)279-1644x0511
187,Greg Hobbs,snyderaaron@example.com,+1-272-477-8187x2445
188,Cristian Acevedo,caseyriley@example.net,
189,Wendy Flynn,jacob18@example.net,8225962807
190,Rebecca Wilson,bradforddennis@example.org,427.985.0527
191,Mary Morton,gibbsclaire@example.net,(949)645-9624
192,Mrs. Diana Chung,randy81@example.net,001-252-725-6954
193,Kara Brown,lisakirk@example.net,660.260.4841x001
194,Amanda Bates,aayers@example.org,(751)757-6997x242
195,Crystal Schneider,christopher33@example.net,001-511-466-3813x758
196,Lauren Anderson,diazmichelle@example.net,220.876.6787x87936
197,Benjamin Wright,sara64@example.net,+1-892-268-5981x1378
198,Cindy Wagner,gabrielawilliams@example.com,+1-402-324-5811x9206
199,Brandy Ward,jonathanshelton@example.org,(672)958-8348x553
200,Mark Smith,tony83@example.org,+1-511-302-1889x98951
201,Daniel Mitchell,devin92@example.org,895-262-0624x961
202,Patrick Arroyo,melissamunoz@example.net,(713)866-9473x9025
203,Lori Cole,trevinojason@example.org,+1-916-761-0222x137
204,Brittney Lopez,fmcdaniel@example.net,(986)595-0485
205,Mike Alexander,pamela21@example.com,+1-863-303-6550x68243
206,Jo Randall,gravesjuan@example.org,781-347-3959
207,Thomas Miller,ubeltran@example.com,
208,Keith Brown,amcknight@example.net,404-314-6581x87718
209,Stephanie Sampson,mcurry@example.org,001-249-282-6431x289
210,Ryan Murray,zbrown@example.org,672.652.6769
211,Paul Dawson,flowersemily@example.net,(612)247-3777x325
212,Heather Johnson DDS,jmckenzie@example.net,(770)497-6844x23721
213,Mitchell Wheeler,charleswest@example.com,(969)645-2179x433
214,Alexandra Banks,paulmiller@example.com,251-388-5836x07492
215,Michelle Mills,kimberlytorres@example.org,487-939-6935x2091
216,Kyle Chavez,boydjoy@example.com,783-202-3978x797
217,Stacey Morris,tlozano@example.com,001-453-984-6683
218,Jeffrey Gomez,andersonandrew@example.net,5417604343
219,Lisa Bell,william02@example.org,8746717202
220,Rebecca Johnson,gregoryjames@example.org,(233)641-6151x6188
221,Daniel Williams,kharmon@example.com,+1-639-959-9700x0206
222,Stephanie Cantrell,taylor01@example.com,768-944-7805
223,Steven Johnson,twhitaker@example.net,+1-609-424-7600
224,Karen Oliver,ptucker@example.org,(339)270-9024x28778
225,Ian Johnson,eklein@example.org,506-648-2379x9616
226,Shane Tucker,wendyreeves@example.net,+1-270-916-4705x401
227,Malik Adams,johnsonashley@example.net,236-949-0771
228,James Sanchez,sarah84@example.com,+1-434-688-7245
229,Shawn Sampson,jeffreyhayes@example.com,+1-954-323-4318x87063
230,Roy Boyd,ricky03@example.org,874-748-9712
231,Megan Morris,hillmark@example.net,001-949-651-7928
232,Vincent Brown,bennettryan@example.net,(311)265-0610x390
233,Eric Jones,williamsmadison@example.org,001-789-328-4274x62179
234,Jared Walker,erica96@example.com,976.706.5595
235,Jennifer Martinez,cathy22@example.org,592-539-3709x614
236,Diane Neal,shortstacy@example.com,740.647.3525
237,Kevin Garcia,znoble@example.org,611-427-4882x417
238,Brandon Estrada,lmoore@example.com,(999)685-4798x025
239,Michael Anderson MD,willisdevon@example.net,311-830-5899x13363
240,Herbert Fowler,aprilrios@example.org,400.224.9560x510
241,Kathryn Garcia,erinwalker@example.net,(476)857-9510x055
242,Lisa Thomas,fcontreras@example.org,(356)399-6549x931
243,Erin Johns,bad-email,(901)681-0560
244,Briana Johnson,lisalewis@example.com,538.367.0952x46400
245,Alex Logan,jessicarichardson@example.net,+1-299-251-8918x042
246,Stacey Delacruz,williamsmarc@example.org,723.337.6562x054
247,Tanya Harrison,james99@example.org,993-290-1769
248,Timothy Little,greerveronica@example.com,
249,Robert Moreno,brooke33@example.com,957.406.8807x0906
250,Tracy James,mooneyjo@example.org,001-918-617-7411x03775
251,Jessica Rivas,louisgonzalez@example.net,238-495-2217
252,Jennifer Richmond,kyleyoung@example.net,(890)714-9939x679
253,Keith Sparks,newmanjoseph@example.net,460.581.1002
254,Michelle Evans,moralesjoshua@example.net,001-447-489-4698x999
255,William Evans,wendy74@example.com,959-920-0597x721
256,Stephanie Waller DDS,jennifer80@example.org,279-805-3303x16135
257,Eric Hunt,irusso@example.net,749-965-8822x467
258,Daniel Chambers,chadellis@example.org,739-626-2674x0164
259,Cynthia Baker,charles79@example.com,001-814-543-2772x853
260,Joseph Munoz,lambertmercedes@example.com,+1-771-421-6035
261,Nicole Wyatt,bakerjoseph@example.org,565-934-7269x0198
262,Diamond Vasquez,qcohen@example.com,(580)560-3614
263,Sharon Peterson,kendrareese@example.net,
264,Joanna Mcbride,jeremycarter@example.net,459.258.5500x7065
265,Gloria Bell,bad-email,+1-462-948-8698x0093
266,Marvin Berry,suzanne57@example.net,001-796-256-2937x67984
267,Adam Turner,hickspamela@example.com,952-946-3798x3633
268,Janet Long,emassey@example.org,(222)419-4981x8773
269,Morgan Brown,bad-email,+1-994-543-0522x29144
270,Melissa Stephens,josephfloyd@example.org,001-891-359-8422
271,Oscar Ibarra,sullivankimberly@example.com,(682)914-0718
272,Candace Mendoza,hoffmandesiree@example.org,557-821-5866
273,Timothy Miller,gregory33@example.net,001-750-971-5589
274,Alexandra Frederick,nicholsonangela@example.org,(287)638-4616
275,Carl Ayers,isanford@example.com,(671)433-3108
276,Amber Washington,bradleyblack@example.com,001-329-668-9255x50111
277,Erin Allen,johnkhan@example.net,+1-968-501-1496x403
278,Sheena Harris,cummingsjake@example.net,688-622-9056x8799
279,Nicholas Lopez,marythompson@example.org,8939558996
280,Mrs. Stephanie Parker,woodwardsara@example.com,
281,Andrew Stewart,gmartinez@example.com,
282,Jon Hughes,linda07@example.net,(664)867-6776x87630
283,Brent Walker,justinthomas@example.com,001-736-537-8339
284,Lisa Walker,ujennings@example.org,+1-380-256-1867x76103
285,Brian Wood,wayne41@example.com,985-244-8202
286,Nicholas Hamilton,wgibbs@example.com,001-485-359-2869x8158
287,Stephanie Carroll,meganbrown@example.org,001-206-446-5677x4619
288,Karen Johnson,jjoseph@example.com,283-644-4191x309
289,Marvin Bean,carsonkirsten@example.com,+1-547-364-3010x637
290,Michael Alexander,aguilarray@example.org,001-212-350-2387x930
291,Catherine Frost,mitchellhill@example.com,(891)569-5625
292,Rhonda Frank,kevin81@example.net,764.905.9657
293,David Smith,sharon03@example.net,348-333-9686
294,Eric Garcia,brownalexandra@example.net,589.722.5831
295,John Walker,amandawatson@example.com,
296,Rick Thompson,bradleyrivera@example.org,+1-569-691-7866x29752
297,Samuel Miller,curtis09@example.com,+1-396-204-4953x767
298,Emily Jordan,fwallace@example.net,(653)329-1106
299,Nicholas Burns,jonesjennifer@example.net,
300,Deborah Martin,lisa56@example.com,958.303.8730x3156
301,Mark Lee,vprice@example.org,
302,David Cunningham,vguerrero@example.org,+1-436-271-4285
303,Victoria Kaiser,stephen81@example.net,(909)892-5887
304,William Holmes,caseyprice@example.org,001-784-909-6583
305,Kathryn Cain,hallbrandon@example.org,265.320.0456x37874
306,Rhonda Mullen,kennedymarvin@example.com,001-652-893-7300x345
307,Kyle Knight,vtaylor@example.org,663-704-5674
308,Angela Bennett,burnsalicia@example.net,768-847-3361x89877
309,Nicole Lara,fpoole@example.net,001-408-349-5251x828
310,Jodi Moss,twilliams@example.com,4365345481
311,Joshua Burton,samuel01@example.com,+1-264-265-7477x50060
312,Scott Adams,debrasmith@example.net,213.496.6243x192
313,Stacy White,johnmorris@example.org,706.953.0896x6560
314,Danielle Smith,sarah22@example.net,826.780.7284x43400
315,Brenda Miles,tholmes@example.org,001-889-667-7666
316,Jimmy Moore,tyler30@example.org,410.474.5972
317,Jessica Meyer,ubrown@example.net,
318,Justin Miller,nelliott@example.net,(819)990-6093x51809
319,Caitlin Harris,annette83@example.com,475.203.1390x9165
320,Ryan Schwartz,caitlinhill@example.org,
321,Heidi Bauer,michelle44@example.org,609-802-9643
322,Kelly Morris,wattssarah@example.net,
323,Jasmine Guerrero,amoreno@example.com,001-601-295-9652x58860
324,Nathan King,collinsjared@example.com,+1-478-651-1999x230
325,Daniel Smith,jonathanjones@example.net,350-200-5298x151
326,Sherry Hernandez,tlewis@example.net,251.986.8947
327,Andrea Rivera,cruztimothy@example.org,748-241-3066x843
328,Ariana Cruz,bad-email,
329,Stephen Wilson,kingashley@example.org,+1-748-495-8200x06618
330,Tommy Vasquez,johnsonrebecca@example.org,484.956.3755x00569
331,Carla Ortiz,reginaparker@example.net,+1-212-931-0855x463
332,David King,fletchermichael@example.net,+1-776-502-2841x0381
333,Jose Boyd,brennanpatricia@example.net,(566)976-0556
334,Jordan Simpson,gonzalezjasmine@example.com,882.353.2462x31894
335,Richard Dickson,lisa33@example.net,222.438.1000
336,Meagan Gardner,christopherbond@example.net,(969)570-7300
337,Barbara Patel,harpertiffany@example.org,614.870.2794
338,Keith Richard,brett80@example.net,(251)247-1240
339,Mary Stephenson,briley@example.com,
340,Thomas Williams,sandra25@example.net,(571)232-7393
341,Jack Morrison,cjones@example.net,(974)901-2222x67327
342,Matthew Rubio,christopher36@example.org,001-700-829-9562x931
343,Matthew Williams,tammynewman@example.org,(893)256-2926x63022
344,Carolyn Rogers,jennifer87@example.org,+1-773-445-5315x550
345,Sarah Alvarado,powellryan@example.com,
346,David Lawson,xgarrett@example.org,5337084484
347,Mario Harris,sarah65@example.com,5536544378
348,Richard Sanchez,bad-email,001-936-762-1053x918
349,Jade Smith,eherrera@example.net,207-569-1403x932
350,Steven Austin,robertmartinez@example.net,(873)643-1510
351,Katie Saunders,brenda36@example.com,386.299.6404x80172
352,Stephanie Tate,blackthomas@example.net,(520)410-3450x768
353,Robert Brown,meredithmckay@example.com,970-257-5489x35238
354,Christine Leonard,timothytorres@example.com,399-664-3218x33719
355,Nicole Adkins,henrystevenson@example.net,+1-707-854-7035
356,Alejandro Gutierrez,jacob59@example.org,881-834-2493
357,Vanessa Turner,timothy88@example.org,+1-938-915-3210
358,Jennifer Young,wolfelisa@example.net,+1-678-238-2070x2941
359,Aaron Trujillo,pattersondavid@example.net,+1-263-620-1549x868
360,Rhonda Jenkins,tstephens@example.com,(205)253-2581
361,David Williams,cynthiaknapp@example.com,(255)898-4508x702
362,Christopher Shields,ymorales@example.net,(413)210-7663x5106
363,Darius Montgomery,marshallrobert@example.net,5782391153
364,Mark Weeks,javier71@example.org,+1-338-837-4835x0082
365,Ms. Anna George,christyhaley@example.net,001-476-920-0849x4737
366,Natalie Murray,matthewsmith@example.com,438.382.5112
367,Jennifer Castro DVM,nicoleanthony@example.com,349.586.0724
368,Tracy Beck,gdougherty@example.com,512.849.9293x719
369,Mrs. Amy Wagner,brittanyjohnson@example.net,+1-413-349-7752x50040
370,Brian Johnson,egonzalez@example.org,624-431-8209x50455
371,Wayne Moore,aharding@example.com,+1-881-705-7090x11906
372,Erica Goodman,austin17@example.net,671.923.6113x011
373,Aimee Carlson,millerstephanie@example.org,245.323.2068
374,James Lowe,jwilliams@example.net,+1-389-912-2976x78037
375,Timothy Dixon,atkinspatrick@example.com,+1-841-254-2836x4988
376,Alexandra Parsons,bad-email,312-644-6136x2838
377,Jacqueline Gomez,ayersvalerie@example.org,276.392.9000
378,Tony Hooper,lopezamy@example.org,695-206-1242
379,Mark Anderson,jenniferbutler@example.com,001-868-875-6759
380,Brian Johnson,billgriffin@example.com,465-423-6686
381,Stanley Estrada,carolynowens@example.org,(679)695-4657x733
382,Kristie Lawson,tranmaria@example.org,873.868.4906x017
383,Mr. Michael Curry,andersonmark@example.net,335.714.9341
384,David Rodriguez,nathanwright@example.org,(839)772-3214x1527
385,Whitney Brown,danielbarnes@example.org,(700)272-7967
386,Margaret Hunter,sherry25@example.com,
387,Erica Livingston,robertsthomas@example.net,(779)570-4718
388,Brian Neal,aaronlewis@example.net,(380)634-8625x04699
389,Jerry Osborne,larrydalton@example.org,+1-935-988-0218
390,Dr. Brian Mckenzie,danielgutierrez@example.org,001-904-485-7365x189
391,Tamara Sharp,xrowe@example.org,+1-510-692-3325x98254
392,Denise Davis,cindyrussell@example.com,4152438629
393,Kimberly Nicholson,brenda15@example.com,319.637.6523x7416
394,Robert Velasquez,vnavarro@example.com,336-881-2258x9656
395,Charlotte Sexton,gillcarl@example.net,+1-925-892-5985x1898
396,Gary Franklin,chloe27@example.org,
397,Carla Smith,orobinson@example.org,2262379737
398,Tabitha Fox,mariatrevino@example.com,654-221-1888
399,Caroline Bridges,vtaylor@example.com,+1-845-830-8549x225
400,Amanda Price,michaelflores@example.org,662.665.8008x36376
401,John Nguyen,carlreed@example.net,+1-901-327-2296x191
402,Alexander Newton,daviscory@example.net,+1-403-302-7246x072
403,Sean Dunn,diazmichael@example.net,001-873-698-3744x88507
404,Julie Schwartz,jordan17@example.com,(749)828-2210x245
405,Tammy Walker,smithashley@example.com,
406,Jose Parsons,sboyle@example.org,001-334-392-1636
407,Jimmy Shepherd,dominiquelittle@example.net,(990)902-3818x2997
408,Kimberly Monroe,flowersashley@example.net,2899747714
409,Amanda Wallace,lori90@example.com,(621)659-7345
410,Joyce Weaver,brian61@example.com,001-695-341-9403
411,Lindsey Lopez,erin63@example.org,804.510.4279x294
412,Sarah Martin,fordjoshua@example.net,403.341.6655x595
413,Jacob Lee,xellis@example.com,917.875.5626
414,Christina Lopez,melissajones@example.net,(997)622-5730
415,Elizabeth Rose,michael75@example.org,(482)549-0647
416,Daniel Graham,nancy63@example.com,956-657-2603
417,Benjamin Robinson,hooveredward@example.com,+1-805-796-1087x353
418,Brandon King,kspencer@example.org,001-907-851-8884x135
419,Lori Lopez,greenjacqueline@example.com,972-539-9019x9755
420,Jordan Thomas,blevinsaimee@example.org,(398)514-8931
421,Charles Patrick,angelagreene@example.com,361-883-4074x79016
422,Pamela Boyd,jeffrey90@example.org,001-438-666-5859x284
423,Daniel Gordon,melissa72@example.net,417-471-2092x0523
424,Jonathan Green,jesse56@example.org,001-562-795-3223x3925
425,Christopher White,julie14@example.com,8622600809
426,Anna Williamson,farmerdanielle@example.net,692-288-3956x6311
427,Cindy Huang,spencerwilliams@example.org,932.427.1951
428,Jasmine Mosley,bwhite@example.com,
429,James Thomas,russelljoanne@example.net,516-899-0542x455
430,Audrey Brown,harrywilson@example.org,604-287-2774
431,Shannon Smith,wmorales@example.net,951-707-4244x492
432,Daniel Cox,bad-email,(373)754-5618x61883
433,Luis Gonzales,kylechavez@example.com,
434,Ryan French,rgibson@example.com,+1-907-408-3283x897
435,Michael Decker,nhall@example.com,
436,Amanda Callahan,jreyes@example.net,(840)808-4878x3878
437,Ethan Anderson,xmills@example.net,(868)209-4884x6163
438,Paul Davidson,nelsonjohn@example.com,604-714-7728x23038
439,Sara Green,zgibbs@example.com,570-780-0632x3099
440,Stephanie Cox,scohen@example.org,559-780-4692
441,Gina Nelson,mbell@example.com,
442,Lisa Beck DVM,mbrock@example.net,+1-460-431-6426
443,Jennifer Mccoy MD,vmartin@example.com,
444,Elizabeth Watson,rachel79@example.net,001-245-511-6190x9990
445,Thomas Guzman,richard79@example.org,(410)273-5996x0657
446,Jamie Villanueva,madeline25@example.net,299-335-5819x1413
447,Tracie Moore,bmeyer@example.com,001-560-909-9891x5166
448,Stephen Velasquez,kaylaparks@example.com,001-463-945-8144x61017
449,Jay Williams,agibson@example.net,608-509-1052x247
450,Zachary Smith,sanchezashley@example.net,001-286-644-8448x086
451,Erica Ross,norrismark@example.org,001-629-552-3926x443
452,Natasha Gates,taylorjustin@example.org,+1-882-802-3496x3771
453,David Wright,chapmansharon@example.net,(289)745-4372
454,Kathryn Mejia,nicole56@example.org,857.824.0515x25846
455,,josephdavis@example.com,+1-339-824-0121x29119
456,Jerry Cox,bray@example.org,+1-296-803-4752x052
457,John Anderson,psuarez@example.org,499-772-8222
458,Carlos Anderson,christina25@example.com,+1-974-339-4884x024
459,Jasmine Mason,cookebrett@example.net,001-982-434-4441x6792
460,Randy Simmons,christopher82@example.com,880.359.8056
461,Mark Hall,timothy21@example.com,(868)547-7480x03840
462,Angela Osborne,ytaylor@example.net,+1-369-661-0685
463,Ashlee Carter,william77@example.org,772-758-5117x4078
464,Cynthia Burns,elizabethmoon@example.net,(582)925-8751x9960
465,John Martinez,agonzalez@example.net,382-631-9291
466,Joseph Fields,jaredwolfe@example.org,801.868.5083
467,Dominique Maynard,anatownsend@example.org,+1-419-751-1518x76908
468,Alicia Perez,brianvasquez@example.com,+1-348-239-5984x6236
469,Wendy Mitchell,ygriffin@example.org,+1-714-321-6262x4525
470,Mrs. Christina Brooks,farleyrichard@example.com,643.308.2384x34846
471,Wanda Beck,eric68@example.net,909-821-9859
472,Eric Powers,felicia44@example.org,001-372-600-6464x598
473,Kara Smith,smithlaura@example.com,9282760986
474,Kristen Richardson,kaylabrown@example.org,(964)436-3632x36368
475,,danielle65@example.com,+1-932-586-4228
476,Toni Villanueva,knightkathryn@example.com,714-673-2991
477,Miss Bethany Floyd,lmahoney@example.net,789-879-7733x973
478,Scott Brown,twilson@example.org,329-883-3823x081
479,Zachary Meza,angela88@example.net,(519)200-7450
480,Matthew Kirk DDS,peaton@example.net,001-900-274-3655
481,Trevor Burns MD,nramos@example.org,590-459-9316x592
482,Gregory Johnson,wheelersheryl@example.org,374.482.9382
483,Elizabeth Smith,amandasweeney@example.org,(629)543-0559x31784
484,Frances Evans,ijohnson@example.net,215-289-6826x88705
485,Sharon Jones,ramirezkelly@example.com,692-291-5854x76541
486,Andrew Nelson,teresawells@example.net,750.424.9354
487,Joshua Booker,tthompson@example.org,252.232.3771
488,Jason Bryant,michaelmiller@example.org,824-778-5632x98546
489,Rhonda Yu,leonard88@example.net,001-722-909-5105x857
490,Mary Aguilar,pittmanmelissa@example.org,+1-703-738-8784
491,Stacey Lewis,jaime02@example.net,230-484-2499x46758
492,Ashley Roman,kelliegillespie@example.net,001-695-377-6374
493,Leah Mccoy,fitzgeraldrebecca@example.org,+1-939-602-1150x7684
494,Shannon Leonard,millerdawn@example.org,791.297.6458x84416
495,Mr. Jeffrey Hall MD,crosskiara@example.com,376-536-2519x390
496,John Preston,vchoi@example.com,
497,Rachael Olson,tonywelch@example.net,+1-984-237-3317
498,David Gray,lindsayjennings@example.net,+1-972-928-2016
499,Taylor Taylor DDS,xchung@example.org,371-955-9424
500,Justin Norris,maria22@example.com,+1-281-650-2245
362,Christopher Shields,ymorales@example.net,(413)210-7663x5106
74,Morgan Thomas,lisa13@example.org,001-706-329-3138
375,Timothy Dixon,atkinspatrick@example.com,+1-841-254-2836x4988
156,Lawrence Bishop,julie37@example.net,(499)438-6108x8249
105,Kelly Holloway,shannon18@example.net,+1-619-287-3400x3207
395,Charlotte Sexton,gillcarl@example.net,+1-925-892-5985x1898
378,Tony Hooper,lopezamy@example.org,695-206-1242
125,Brandon Burns,burkecynthia@example.org,375.790.2654x0375
69,Daniel Martinez,hernandezcarrie@example.com,001-802-773-1562x2385
451,Erica Ross,norrismark@example.org,001-629-552-3926x443
10,Sara Wilson,douglaswilliams@example.net,
195,Crystal Schneider,christopher33@example.net,001-511-466-3813x758
407,Jimmy Shepherd,dominiquelittle@example.net,(990)902-3818x2997
85,Catherine Ponce,kristi77@example.org,498-891-1413x63245
372,Erica Goodman,austin17@example.net,671.923.6113x011
389,Jerry Osborne,larrydalton@example.org,+1-935-988-0218
496,John Preston,vchoi@example.com,
31,Cathy Lee,richardsonchristopher@example.net,3853479232
317,Jessica Meyer,ubrown@example.net,
409,Amanda Wallace,lori90@example.com,(621)659-7345
491,Stacey Lewis,jaime02@example.net,230-484-2499x46758
492,Ashley Roman,kelliegillespie@example.net,001-695-377-6374
281,Andrew Stewart,gmartinez@example.com,
357,Vanessa Turner,timothy88@example.org,+1-938-915-3210
77,Michael Avila,zparks@example.net,001-329-835-9007x89895
