isbn,stock,location
978-0-00-595749-3,95,Bowenland
978-1-56056-223-8,40,Millerbury
978-1-307-38328-7,85,Johnsonstad
978-1-72146-329-9,58,Robbinsview
978-1-146-68744-7,93,Pughview
978-0-7980-1687-2,56,Torresstad
978-0-613-61490-0,74,Smithfort
978-1-206-92729-2,49,North Joybury
978-0-00-977017-3,26,Lake Melissamouth
978-1-77708-990-0,28,East Amberberg
978-0-538-68021-9,13,Castilloside
978-1-896821-14-6,20,Rileyland
978-1-4540-8529-4,65,Griffinport
978-0-623-96961-8,10,Torrestown
978-1-56056-367-9,38,New Tylerton
978-1-67718-404-0,80,Jamesmouth
978-0-384-29744-9,48,South Ashley
978-0-908782-84-0,11,Port Kelly
978-0-7698-9697-7,63,Port Crystal
978-0-333-94940-5,24,Lake Lauraberg
978-0-448-54755-8,48,Port Matthew
978-1-335-69330-3,3,Crystalstad
978-1-77668-302-4,92,Brownchester
978-0-87439-393-4,62,
978-0-657-35216-5,74,Martinezland
978-0-655-36308-8,85,Meganville
978-0-940191-72-3,35,East Bryanfurt
978-0-9974695-8-5,89,Josephside
978-0-935530-31-5,79,Schneiderville
978-0-8273-0042-2,25,Hamiltonside
978-1-4050-5209-2,12,Richardsburgh
978-0-14-317172-0,69,South Michelle
978-1-9813-3907-5,40,Morrisbury
978-1-110-44936-1,77,Butlershire
978-1-886530-57-7,99,East Christine
978-1-63573-837-7,49,Ethanland
978-0-535-03327-8,41,West Marcus
978-0-7124-4509-2,-1,Samanthaborough
978-1-282-78531-1,64,East Mackenziemouth
978-0-86987-299-4,9,Blairport
978-0-503-25443-8,89,
978-0-906957-24-0,55,East Lisaville
978-1-129-55661-6,-1,South Jordanborough
978-1-963490-27-5,71,Perezfurt
978-0-665-99790-7,69,North Krystalstad
978-0-11-588423-8,92,South Matthew
978-0-01-315576-8,96,Margaretville
978-0-357-31825-6,76,
978-1-05-573945-9,12,East David
INVALID,47,Bakerstad
978-0-340-28466-7,95,Port Oliviaborough
978-0-682-03334-3,31,Port Larry
978-0-527-81674-2,44,Simmonsfort
978-0-472-22854-6,48,South Richard
978-0-358-68053-6,41,West Michellechester
978-0-434-35101-5,-1,Justinborough
978-1-74158-972-6,-1,Yatesfurt
978-0-441-96675-2,-1,Lewisborough
978-1-932951-50-9,9,North Rebeccaburgh
978-0-931531-92-7,62,Medinaport
978-0-04-258867-4,95,Laurahaven
978-0-86329-834-9,41,New Kellyhaven
978-1-07-441151-0,20,Erikview
978-1-56040-180-3,13,Hardinmouth
978-0-679-79144-7,7,North Michaeltown
978-1-78735-192-9,41,Davidmouth
978-1-57766-202-0,27,North Mariamouth
978-1-69125-465-1,-1,Thomasstad
978-1-4413-3634-7,35,New Lisaville
978-1-4670-3222-3,48,Robertside
978-1-191-70029-0,39,Taylorberg
978-0-19-958292-1,73,North Christineport
978-1-80492-806-6,62,Darrenbury
978-1-60844-864-7,0,Jeanettechester
978-1-4342-5905-9,33,New Shawnfort
978-1-357-34120-6,72,West Jessica
978-1-374-61663-9,69,Lake Michaelshire
978-1-03-034700-6,84,Lake Jonathanburgh
978-1-230-92905-7,33,Riggsstad
978-1-72284-626-8,38,Jeffreyborough
978-0-351-83294-9,93,Danieltown
978-1-07-691600-6,37,Matthewburgh
978-0-205-63895-6,93,Doylebury
978-0-474-90971-9,58,Timothyview
978-0-9974058-4-2,-1,East Matthewfort
978-0-206-79886-4,1,Lake Jessica
978-1-67447-804-3,38,Kirbystad
978-1-08-224384-4,91,Laurenbury
978-1-5244-0991-3,93,South Robin
978-1-4547-6897-5,52,Yatesville
978-0-11-801933-0,78,Williamsfurt
978-0-286-07313-4,-1,Robertborough
978-1-76460-296-9,95,Grahamhaven
978-0-513-09345-4,95,East Bonnie
978-0-16-358230-8,43,North Amanda
978-1-160-43030-2,14,Knappborough
978-1-156-23745-8,59,New Brittany
978-1-319-22170-6,81,West Ericside
978-0-7602-1562-3,43,East James
978-1-5343-0693-6,8,Garystad
978-1-85923-439-6,48,Allenmouth
978-0-311-61454-7,64,Hickstown
978-0-470-93208-7,61,Bergerside
978-1-380-06396-0,77,North Rachelmouth
978-0-277-24685-1,100,North Kevinstad
978-1-943534-64-7,15,South Arianaview
978-1-4958-3340-3,80,Josephville
978-1-962117-16-6,43,East Lisaberg
978-0-18-340943-2,84,Howardtown
978-1-174-02928-8,91,Blakemouth
978-1-287-26799-7,89,Port Sergio
978-1-207-88794-6,13,Toddchester
978-0-556-01662-5,90,Rickyview
978-1-4683-1129-7,78,East Sharonport
978-0-346-94668-2,54,Cookfort
978-1-05-336208-6,61,East Fernando
978-0-315-66577-4,24,Mcmahonland
978-0-7396-8655-3,20,Zimmermanchester
978-1-85279-700-3,20,New Paula
978-1-68178-762-6,91,Port Brianside
978-0-370-49311-4,79,Lake Amytown
978-0-9946666-6-6,10,Port Jamesburgh
978-0-440-45978-1,60,South Sarahside
978-1-06-212685-3,61,Travisborough
978-1-83570-238-3,1,Smithburgh
978-1-315-40976-4,5,South Melissa
978-1-5292-1126-9,-1,North Susan
978-1-00-626769-7,10,East Christine
978-1-59326-771-1,-1,Patriciamouth
978-1-4544-6426-6,95,East David
978-0-657-09145-3,0,Port Monica
978-1-69661-167-1,5,Juliemouth
978-0-7969-9395-3,14,South Mark
978-1-931207-15-7,6,Port Helen
978-0-697-79898-5,3,East Brianshire
978-1-80624-992-3,43,Lindseyburgh
978-0-518-47260-5,57,Chaseborough
978-1-877443-43-5,34,Morrismouth
978-1-63792-678-9,41,
978-0-8454-8317-6,-1,Williamton
978-1-5430-3885-9,39,Ronaldport
978-0-403-00476-8,75,Milesshire
978-0-575-59368-8,24,Ruizport
978-1-901392-00-5,-1,South Carl
978-1-105-61780-5,54,Robertstad
978-1-5175-6511-4,62,Courtneyburgh
978-0-911838-35-0,-1,Lake Sandra
978-1-59695-449-6,7,North Lydiaside
978-1-05-190349-6,7,New Davidbury
978-0-917060-19-9,26,West Danaton
978-1-970180-09-1,89,New Kyle
978-1-79911-579-3,52,Mandytown
978-0-7938-7766-9,70,Megantown
978-1-964098-97-5,31,New Jillian
978-1-7322286-5-8,76,Port Emilyport
978-1-55864-706-0,64,Lake Breanna
978-0-04-559181-7,33,Kellybury
978-0-7676-9940-2,3,Port Taylor
978-1-877542-71-8,42,Lake Krystal
978-1-927671-31-3,74,Lindafurt
978-1-00-389493-3,43,Chelseafort
978-0-8300-5049-9,98,New Stephanie
978-0-338-65604-9,32,Port Martin
978-1-5089-0406-9,12,Oneillberg
978-1-383-80346-4,53,Larryburgh
978-0-18-997420-0,15,New Samanthaville
978-1-941878-66-8,51,
978-1-163-84577-6,41,Port Meganburgh
978-1-901265-12-5,33,Michaelaside
978-0-8252-7780-1,89,Lake Sarahhaven
978-0-85943-752-3,11,Thomasview
978-1-04-511111-1,79,West Alexandra
978-0-611-38961-9,15,Richardberg
978-1-80809-391-3,91,Joelfort
978-1-252-15044-6,51,Whitneyton
978-1-64507-051-1,-1,West Cassie
978-1-240-74555-5,3,Marcusland
978-1-363-45731-1,79,Rogersborough
978-0-922136-38-4,88,Lake Jimmyport
978-1-09-527063-9,74,North Vickieland
978-0-641-33775-8,17,Thompsonton
978-0-202-29501-5,4,East Ericport
978-1-118-95203-0,37,
978-1-63371-888-3,95,Villanuevaland
978-1-80422-208-9,94,Lorihaven
978-0-05-953604-0,50,Vasquezview
978-1-58208-605-7,100,West Donna
978-1-59019-826-1,44,Rodriguezland
978-1-85505-263-5,73,Williamville
978-0-14-301721-9,24,North Johnmouth
978-0-356-47468-7,81,Davidton
978-1-166-48081-3,80,Anthonyburgh
978-1-78381-244-8,-1,Rodriguezhaven
978-0-03-742884-8,70,Johnsonbury
978-0-900514-43-2,63,Cartermouth
978-0-908011-88-9,68,East Josephchester
978-0-86685-064-3,95,South Michaelborough
978-1-165-07857-8,82,Loganborough
978-0-9559415-6-6,48,East Gloriafort
978-1-196-85064-8,24,Stewartberg
978-0-340-56481-3,29,South Ashley
978-0-8463-7581-4,40,Lake Dannyhaven
978-0-06-515075-9,7,Jenkinsfort
978-0-393-06608-1,84,Maryfurt
978-0-577-04738-7,75,New Courtney
978-1-873656-49-5,75,Harrisontown
978-1-58312-598-4,95,West Lauraborough
978-1-4085-9773-6,63,Port Oliviachester
978-0-549-92048-9,86,Lake Donna
978-0-909997-47-2,97,Kevinview
978-1-363-62433-1,19,North Sydneybury
978-1-159-92425-6,63,Hansenborough
978-0-241-40220-7,5,Lake Brittany
978-1-05-391775-0,24,Janeton
978-0-403-23448-6,55,Lake Ronaldberg
978-0-7476-3758-5,-1,North Ronald
978-0-7072-9546-6,6,Paulborough
978-1-329-73601-6,-1,Ryanville
978-0-18-228596-9,34,West Tara
978-1-81579-439-1,97,Martinezburgh
978-1-4350-3996-4,28,Lake Carrie
978-0-324-84423-8,63,North Shannontown
978-1-247-00012-1,58,Lake Douglasbury
978-1-336-63963-8,11,New Deannaport
978-0-7689-0264-8,21,
978-0-7147-8057-3,19,Smithmouth
978-0-660-09768-8,-1,Port Marvin
978-1-64076-569-6,83,Port Steven
978-1-261-25337-4,68,North Patrickmouth
978-0-7284-4929-9,74,East Dean
978-1-905394-53-1,69,Lake Stephanie
978-0-631-25526-0,13,
978-1-176-71985-9,40,Michaelfurt
978-0-05-735173-7,44,Lake Crystalstad
978-0-13-004561-4,35,
978-0-346-48966-0,18,Owensstad
978-1-946626-34-9,75,Lake Melissaburgh
978-1-249-07502-8,65,Lake Davidport
978-1-02-238747-8,70,Gatesview
978-1-274-53457-6,68,South Bradley
978-0-593-38446-6,92,Lake Jenniferbury
INVALID,98,Port Timothymouth
978-1-923238-39-8,22,
978-1-61604-114-4,30,South Kristopher
978-1-06-432524-7,15,Williamsberg
978-0-582-31726-0,46,Perryville
978-1-79741-129-3,-1,Scottport
978-1-85707-158-0,16,East Dylan
978-1-67148-209-8,23,Lake Austin
978-0-569-40019-0,94,Port Brandon
978-0-298-51686-5,7,Port Adam
978-1-01-042932-6,10,Kimview
978-0-14-922970-8,80,Evanshaven
INVALID,76,East Maryville
978-1-186-47596-7,32,Melanieshire
978-1-912907-45-8,74,Jasonmouth
978-1-261-85871-5,53,Chavezside
978-1-72269-595-8,1,West Donaldmouth
978-1-4186-6885-3,21,East Aprilside
978-0-434-53655-9,25,South Jacob
978-1-4033-7186-7,30,New Jessicamouth
978-0-06-137600-9,1,North Cameronburgh
978-0-18-952370-5,69,Chadport
978-1-9748-1903-4,21,Travisberg
978-1-4952-0968-0,9,Lake Joseland
978-0-537-61928-9,68,
978-0-7636-2413-2,18,New Joseph
978-1-83052-607-6,6,Lake Yolanda
978-1-4620-2809-2,11,Lake Arthur
978-0-574-87885-4,81,North Amandaport
978-1-208-17232-4,-1,New Traci
978-0-18-723508-2,33,Kennethton
978-0-7224-4910-3,60,East Victorborough
INVALID,-1,Dixonport
978-1-78129-718-6,87,Seanstad
978-0-544-59300-8,0,Port Madison
978-1-75193-080-8,27,North Heather
978-1-957113-18-0,51,East Margaretton
978-0-7534-9415-8,13,Amandatown
978-0-283-98646-8,66,Josephland
978-0-494-39320-8,60,Johnborough
978-1-77518-133-0,83,Lake Alicia
978-1-285-15534-0,91,Lewisfort
978-1-85428-747-2,90,Port Christopher
978-1-4882-4757-6,7,Lake Harold
978-0-15-071444-6,3,Toniport
978-0-7899-1257-2,4,Darinside
978-0-7444-3544-3,96,Kimburgh
978-0-451-37083-9,14,New Amberville
978-0-8069-7572-6,98,Lake Terribury
978-1-129-68870-6,33,Brookeshire
978-1-05-435090-7,21,East Betty
978-0-247-57203-4,34,West Jason
978-0-00-405685-2,93,Justinport
978-0-05-736887-2,3,Melissaside
978-1-07-235124-5,35,Lake Christopherville
978-0-9936661-4-8,100,Kaiserbury
978-1-271-93806-3,13,Kiddfurt
978-0-212-32290-9,94,Barbaraton
978-0-691-95798-2,55,Lake Jason
978-0-393-06608-1,84,Maryfurt
978-0-7636-2413-2,18,New Joseph
978-0-7938-7766-9,70,Megantown
978-1-77708-990-0,28,East Amberberg
978-0-05-735173-7,44,Lake Crystalstad
978-0-660-09768-8,-1,Port Marvin
978-0-86685-064-3,95,South Michaelborough
978-1-174-02928-8,91,Blakemouth
978-0-7980-1687-2,56,Torresstad
978-1-64507-051-1,-1,West Cassie
978-1-249-07502-8,65,Lake Davidport
978-0-441-96675-2,-1,Lewisborough
978-0-18-228596-9,34,West Tara
978-0-11-588423-8,92,South Matthew
978-1-118-95203-0,37,
